<?xml version="1.0" encoding="UTF-8"?>
<!DOCTYPE Muet SYSTEM "Task-3(2).dtd">
<!DOCTYPE Muet SYSTEM "Task-3(2).xsd">
<Muet>
	<software>
		<dept_data>
		<classrooms>4</classrooms>
		<labs>6</labs>
		<offices>20</offices>
	    </dept_data>
		<staff_data>
		<staff_members>30</staff_members>
		<staff_on_studyleave>5</staff_on_studyleave>
		<chairmain>Mr Naeem Mahoto</chairmain>
        </staff_data>
        <students_data>
        	<batches>4</batches>
        	<total_students>400</total_students>
        	<sections>2 for each batch</sections>
        	<students_in_one_section>50</students_in_one_section>
        </students_data>
    </software>
</Muet>