<?xml version="1.0" encoding="UTF-8"?>
<!DOCTYPE cv SYSTEM "Task-3(1).dtd">
<!DOCTYPE cv SYSTEM "Task-3(1).xsd">
<cv>
	<name>Urooj Samoo</name>
	<mobile>0990078601</mobile>
	<email>samoourooj2016@gmail.com</email>
	<objective>To work with challenging environment, where I can utilize my skills</objective>
	<selfinfo>
		<Fathersname>Ghulam Shabir</Fathersname>
		<surname>Samoo</surname>
		<dob>29 june 1997</dob>
		<cnic>41505-0579336-4</cnic>
		<Religion>Islam</Religion>
		<Nationality>Pakistani</Nationality>
	</selfinfo>
	<qualification>
		<graduation>B.E Software Engineering</graduation>
	    <from>2016</from>
	    <to>2019</to>
	    <intermidiate>BISE Hyderabad</intermidiate>
	    <matriculation>BISE Hyderabad</matriculation>
	</qualification>
	<language>English<br>Sindhi<br>Urdu</language>
	<skills>WebTechnologies:HTML,CSS,Bootsrap,Javascript,Php</skills>
	<experience>MUET Entrepreneurship Challenge 2017<br>
	Expo Software Project Exhibition 2017(Open-Day)<br>
	Expo Software Project Exhibition 2018(Open-Day)<br>
    Mehran Technowizard Convention 2017
    </experience>
</cv>